{
  "2025-09-28": [
    {
      "week": 4,
      "home": "PIT",
      "away": "MIN",
      "kickoff": "2025-09-28T13:30:00.000Z",
      "venue": "Croke Park",
      "city": null,
      "state": null,
      "status": "9/28 - 9:30 AM EDT"
    },
    {
      "week": 4,
      "home": "DET",
      "away": "CLE",
      "kickoff": "2025-09-28T17:00:00.000Z",
      "venue": "Ford Field",
      "city": null,
      "state": null,
      "status": "9/28 - 1:00 PM EDT"
    },
    {
      "week": 4,
      "home": "BUF",
      "away": "NO",
      "kickoff": "2025-09-28T17:00:00.000Z",
      "venue": "Highmark Stadium",
      "city": null,
      "state": null,
      "status": "9/28 - 1:00 PM EDT"
    },
    {
      "week": 4,
      "home": "ATL",
      "away": "WSH",
      "kickoff": "2025-09-28T17:00:00.000Z",
      "venue": "Mercedes-Benz Stadium",
      "city": null,
      "state": null,
      "status": "9/28 - 1:00 PM EDT"
    },
    {
      "week": 4,
      "home": "NE",
      "away": "CAR",
      "kickoff": "2025-09-28T17:00:00.000Z",
      "venue": "Gillette Stadium",
      "city": null,
      "state": null,
      "status": "9/28 - 1:00 PM EDT"
    },
    {
      "week": 4,
      "home": "TB",
      "away": "PHI",
      "kickoff": "2025-09-28T17:00:00.000Z",
      "venue": "Raymond James Stadium",
      "city": null,
      "state": null,
      "status": "9/28 - 1:00 PM EDT"
    },
    {
      "week": 4,
      "home": "HOU",
      "away": "TEN",
      "kickoff": "2025-09-28T17:00:00.000Z",
      "venue": "NRG Stadium",
      "city": null,
      "state": null,
      "status": "9/28 - 1:00 PM EDT"
    },
    {
      "week": 4,
      "home": "NYG",
      "away": "LAC",
      "kickoff": "2025-09-28T17:00:00.000Z",
      "venue": "MetLife Stadium",
      "city": null,
      "state": null,
      "status": "9/28 - 1:00 PM EDT"
    },
    {
      "week": 4,
      "home": "LAR",
      "away": "IND",
      "kickoff": "2025-09-28T20:05:00.000Z",
      "venue": "SoFi Stadium",
      "city": null,
      "state": null,
      "status": "9/28 - 4:05 PM EDT"
    },
    {
      "week": 4,
      "home": "SF",
      "away": "JAX",
      "kickoff": "2025-09-28T20:05:00.000Z",
      "venue": "Levi's Stadium",
      "city": null,
      "state": null,
      "status": "9/28 - 4:05 PM EDT"
    },
    {
      "week": 4,
      "home": "LV",
      "away": "CHI",
      "kickoff": "2025-09-28T20:25:00.000Z",
      "venue": "Allegiant Stadium",
      "city": null,
      "state": null,
      "status": "9/28 - 4:25 PM EDT"
    },
    {
      "week": 4,
      "home": "KC",
      "away": "BAL",
      "kickoff": "2025-09-28T20:25:00.000Z",
      "venue": "GEHA Field at Arrowhead Stadium",
      "city": null,
      "state": null,
      "status": "9/28 - 4:25 PM EDT"
    },
    {
      "week": 4,
      "home": "DAL",
      "away": "GB",
      "kickoff": "2025-09-29T00:20:00.000Z",
      "venue": "AT&T Stadium",
      "city": null,
      "state": null,
      "status": "9/28 - 8:20 PM EDT"
    }
  ],
  "2025-09-29": [
    {
      "week": 4,
      "home": "MIA",
      "away": "NYJ",
      "kickoff": "2025-09-29T23:15:00.000Z",
      "venue": "Hard Rock Stadium",
      "city": null,
      "state": null,
      "status": "9/29 - 7:15 PM EDT"
    },
    {
      "week": 4,
      "home": "DEN",
      "away": "CIN",
      "kickoff": "2025-09-30T00:15:00.000Z",
      "venue": "Empower Field at Mile High",
      "city": null,
      "state": null,
      "status": "9/29 - 8:15 PM EDT"
    }
  ],
  "2025-10-02": [
    {
      "week": 5,
      "home": "LAR",
      "away": "SF",
      "kickoff": "2025-10-03T00:15:00.000Z",
      "venue": "SoFi Stadium",
      "city": null,
      "state": null,
      "status": "10/2 - 8:15 PM EDT"
    }
  ],
  "2025-10-05": [
    {
      "week": 5,
      "home": "CLE",
      "away": "MIN",
      "kickoff": "2025-10-05T13:30:00.000Z",
      "venue": "Tottenham Hotspur Stadium",
      "city": null,
      "state": null,
      "status": "10/5 - 9:30 AM EDT"
    },
    {
      "week": 5,
      "home": "CAR",
      "away": "MIA",
      "kickoff": "2025-10-05T17:00:00.000Z",
      "venue": "Bank of America Stadium",
      "city": null,
      "state": null,
      "status": "10/5 - 1:00 PM EDT"
    },
    {
      "week": 5,
      "home": "BAL",
      "away": "HOU",
      "kickoff": "2025-10-05T17:00:00.000Z",
      "venue": "M&T Bank Stadium",
      "city": null,
      "state": null,
      "status": "10/5 - 1:00 PM EDT"
    },
    {
      "week": 5,
      "home": "PHI",
      "away": "DEN",
      "kickoff": "2025-10-05T17:00:00.000Z",
      "venue": "Lincoln Financial Field",
      "city": null,
      "state": null,
      "status": "10/5 - 1:00 PM EDT"
    },
    {
      "week": 5,
      "home": "NYJ",
      "away": "DAL",
      "kickoff": "2025-10-05T17:00:00.000Z",
      "venue": "MetLife Stadium",
      "city": null,
      "state": null,
      "status": "10/5 - 1:00 PM EDT"
    },
    {
      "week": 5,
      "home": "NO",
      "away": "NYG",
      "kickoff": "2025-10-05T17:00:00.000Z",
      "venue": "Caesars Superdome",
      "city": null,
      "state": null,
      "status": "10/5 - 1:00 PM EDT"
    },
    {
      "week": 5,
      "home": "IND",
      "away": "LV",
      "kickoff": "2025-10-05T17:00:00.000Z",
      "venue": "Lucas Oil Stadium",
      "city": null,
      "state": null,
      "status": "10/5 - 1:00 PM EDT"
    },
    {
      "week": 5,
      "home": "ARI",
      "away": "TEN",
      "kickoff": "2025-10-05T20:05:00.000Z",
      "venue": "State Farm Stadium",
      "city": null,
      "state": null,
      "status": "10/5 - 4:05 PM EDT"
    },
    {
      "week": 5,
      "home": "SEA",
      "away": "TB",
      "kickoff": "2025-10-05T20:05:00.000Z",
      "venue": "Lumen Field",
      "city": null,
      "state": null,
      "status": "10/5 - 4:05 PM EDT"
    },
    {
      "week": 5,
      "home": "CIN",
      "away": "DET",
      "kickoff": "2025-10-05T20:25:00.000Z",
      "venue": "Paycor Stadium",
      "city": null,
      "state": null,
      "status": "10/5 - 4:25 PM EDT"
    },
    {
      "week": 5,
      "home": "LAC",
      "away": "WSH",
      "kickoff": "2025-10-05T20:25:00.000Z",
      "venue": "SoFi Stadium",
      "city": null,
      "state": null,
      "status": "10/5 - 4:25 PM EDT"
    },
    {
      "week": 5,
      "home": "BUF",
      "away": "NE",
      "kickoff": "2025-10-06T00:20:00.000Z",
      "venue": "Highmark Stadium",
      "city": null,
      "state": null,
      "status": "10/5 - 8:20 PM EDT"
    }
  ],
  "2025-10-06": [
    {
      "week": 5,
      "home": "JAX",
      "away": "KC",
      "kickoff": "2025-10-07T00:15:00.000Z",
      "venue": "EverBank Stadium",
      "city": null,
      "state": null,
      "status": "10/6 - 8:15 PM EDT"
    }
  ],
  "2025-10-09": [
    {
      "week": 6,
      "home": "NYG",
      "away": "PHI",
      "kickoff": "2025-10-10T00:15:00.000Z",
      "venue": "MetLife Stadium",
      "city": null,
      "state": null,
      "status": "10/9 - 8:15 PM EDT"
    }
  ],
  "2025-10-12": [
    {
      "week": 6,
      "home": "NYJ",
      "away": "DEN",
      "kickoff": "2025-10-12T13:30:00.000Z",
      "venue": "Tottenham Hotspur Stadium",
      "city": null,
      "state": null,
      "status": "10/12 - 9:30 AM EDT"
    },
    {
      "week": 6,
      "home": "IND",
      "away": "ARI",
      "kickoff": "2025-10-12T17:00:00.000Z",
      "venue": "Lucas Oil Stadium",
      "city": null,
      "state": null,
      "status": "10/12 - 1:00 PM EDT"
    },
    {
      "week": 6,
      "home": "PIT",
      "away": "CLE",
      "kickoff": "2025-10-12T17:00:00.000Z",
      "venue": "Acrisure Stadium",
      "city": null,
      "state": null,
      "status": "10/12 - 1:00 PM EDT"
    },
    {
      "week": 6,
      "home": "MIA",
      "away": "LAC",
      "kickoff": "2025-10-12T17:00:00.000Z",
      "venue": "Hard Rock Stadium",
      "city": null,
      "state": null,
      "status": "10/12 - 1:00 PM EDT"
    },
    {
      "week": 6,
      "home": "BAL",
      "away": "LAR",
      "kickoff": "2025-10-12T17:00:00.000Z",
      "venue": "M&T Bank Stadium",
      "city": null,
      "state": null,
      "status": "10/12 - 1:00 PM EDT"
    },
    {
      "week": 6,
      "home": "JAX",
      "away": "SEA",
      "kickoff": "2025-10-12T17:00:00.000Z",
      "venue": "EverBank Stadium",
      "city": null,
      "state": null,
      "status": "10/12 - 1:00 PM EDT"
    },
    {
      "week": 6,
      "home": "TB",
      "away": "SF",
      "kickoff": "2025-10-12T17:00:00.000Z",
      "venue": "Raymond James Stadium",
      "city": null,
      "state": null,
      "status": "10/12 - 1:00 PM EDT"
    },
    {
      "week": 6,
      "home": "CAR",
      "away": "DAL",
      "kickoff": "2025-10-12T17:00:00.000Z",
      "venue": "Bank of America Stadium",
      "city": null,
      "state": null,
      "status": "10/12 - 1:00 PM EDT"
    },
    {
      "week": 6,
      "home": "LV",
      "away": "TEN",
      "kickoff": "2025-10-12T20:05:00.000Z",
      "venue": "Allegiant Stadium",
      "city": null,
      "state": null,
      "status": "10/12 - 4:05 PM EDT"
    },
    {
      "week": 6,
      "home": "NO",
      "away": "NE",
      "kickoff": "2025-10-12T20:25:00.000Z",
      "venue": "Caesars Superdome",
      "city": null,
      "state": null,
      "status": "10/12 - 4:25 PM EDT"
    },
    {
      "week": 6,
      "home": "GB",
      "away": "CIN",
      "kickoff": "2025-10-12T20:25:00.000Z",
      "venue": "Lambeau Field",
      "city": null,
      "state": null,
      "status": "10/12 - 4:25 PM EDT"
    },
    {
      "week": 6,
      "home": "KC",
      "away": "DET",
      "kickoff": "2025-10-13T00:20:00.000Z",
      "venue": "GEHA Field at Arrowhead Stadium",
      "city": null,
      "state": null,
      "status": "10/12 - 8:20 PM EDT"
    }
  ],
  "2025-10-13": [
    {
      "week": 6,
      "home": "ATL",
      "away": "BUF",
      "kickoff": "2025-10-13T23:15:00.000Z",
      "venue": "Mercedes-Benz Stadium",
      "city": null,
      "state": null,
      "status": "10/13 - 7:15 PM EDT"
    },
    {
      "week": 6,
      "home": "WSH",
      "away": "CHI",
      "kickoff": "2025-10-14T00:15:00.000Z",
      "venue": "Northwest Stadium",
      "city": null,
      "state": null,
      "status": "10/13 - 8:15 PM EDT"
    }
  ],
  "2025-10-16": [
    {
      "week": 7,
      "home": "CIN",
      "away": "PIT",
      "kickoff": "2025-10-17T00:15:00.000Z",
      "venue": "Paycor Stadium",
      "city": null,
      "state": null,
      "status": "10/16 - 8:15 PM EDT"
    }
  ],
  "2025-10-19": [
    {
      "week": 7,
      "home": "JAX",
      "away": "LAR",
      "kickoff": "2025-10-19T13:30:00.000Z",
      "venue": "Wembley Stadium",
      "city": null,
      "state": null,
      "status": "10/19 - 9:30 AM EDT"
    },
    {
      "week": 7,
      "home": "NYJ",
      "away": "CAR",
      "kickoff": "2025-10-19T17:00:00.000Z",
      "venue": "MetLife Stadium",
      "city": null,
      "state": null,
      "status": "10/19 - 1:00 PM EDT"
    },
    {
      "week": 7,
      "home": "CHI",
      "away": "NO",
      "kickoff": "2025-10-19T17:00:00.000Z",
      "venue": "Soldier Field",
      "city": null,
      "state": null,
      "status": "10/19 - 1:00 PM EDT"
    },
    {
      "week": 7,
      "home": "CLE",
      "away": "MIA",
      "kickoff": "2025-10-19T17:00:00.000Z",
      "venue": "Huntington Bank Field",
      "city": null,
      "state": null,
      "status": "10/19 - 1:00 PM EDT"
    },
    {
      "week": 7,
      "home": "TEN",
      "away": "NE",
      "kickoff": "2025-10-19T17:00:00.000Z",
      "venue": "Nissan Stadium",
      "city": null,
      "state": null,
      "status": "10/19 - 1:00 PM EDT"
    },
    {
      "week": 7,
      "home": "KC",
      "away": "LV",
      "kickoff": "2025-10-19T17:00:00.000Z",
      "venue": "GEHA Field at Arrowhead Stadium",
      "city": null,
      "state": null,
      "status": "10/19 - 1:00 PM EDT"
    },
    {
      "week": 7,
      "home": "MIN",
      "away": "PHI",
      "kickoff": "2025-10-19T17:00:00.000Z",
      "venue": "U.S. Bank Stadium",
      "city": null,
      "state": null,
      "status": "10/19 - 1:00 PM EDT"
    },
    {
      "week": 7,
      "home": "LAC",
      "away": "IND",
      "kickoff": "2025-10-19T20:05:00.000Z",
      "venue": "SoFi Stadium",
      "city": null,
      "state": null,
      "status": "10/19 - 4:05 PM EDT"
    },
    {
      "week": 7,
      "home": "DEN",
      "away": "NYG",
      "kickoff": "2025-10-19T20:05:00.000Z",
      "venue": "Empower Field at Mile High",
      "city": null,
      "state": null,
      "status": "10/19 - 4:05 PM EDT"
    },
    {
      "week": 7,
      "home": "ARI",
      "away": "GB",
      "kickoff": "2025-10-19T20:25:00.000Z",
      "venue": "State Farm Stadium",
      "city": null,
      "state": null,
      "status": "10/19 - 4:25 PM EDT"
    },
    {
      "week": 7,
      "home": "DAL",
      "away": "WSH",
      "kickoff": "2025-10-19T20:25:00.000Z",
      "venue": "AT&T Stadium",
      "city": null,
      "state": null,
      "status": "10/19 - 4:25 PM EDT"
    },
    {
      "week": 7,
      "home": "SF",
      "away": "ATL",
      "kickoff": "2025-10-20T00:20:00.000Z",
      "venue": "Levi's Stadium",
      "city": null,
      "state": null,
      "status": "10/19 - 8:20 PM EDT"
    }
  ],
  "2025-10-20": [
    {
      "week": 7,
      "home": "DET",
      "away": "TB",
      "kickoff": "2025-10-20T23:00:00.000Z",
      "venue": "Ford Field",
      "city": null,
      "state": null,
      "status": "10/20 - 7:00 PM EDT"
    },
    {
      "week": 7,
      "home": "SEA",
      "away": "HOU",
      "kickoff": "2025-10-21T02:00:00.000Z",
      "venue": "Lumen Field",
      "city": null,
      "state": null,
      "status": "10/20 - 10:00 PM EDT"
    }
  ],
  "2025-10-23": [
    {
      "week": 8,
      "home": "LAC",
      "away": "MIN",
      "kickoff": "2025-10-24T00:15:00.000Z",
      "venue": "SoFi Stadium",
      "city": null,
      "state": null,
      "status": "10/23 - 8:15 PM EDT"
    }
  ],
  "2025-10-26": [
    {
      "week": 8,
      "home": "HOU",
      "away": "SF",
      "kickoff": "2025-10-26T17:00:00.000Z",
      "venue": "NRG Stadium",
      "city": null,
      "state": null,
      "status": "10/26 - 1:00 PM EDT"
    },
    {
      "week": 8,
      "home": "ATL",
      "away": "MIA",
      "kickoff": "2025-10-26T17:00:00.000Z",
      "venue": "Mercedes-Benz Stadium",
      "city": null,
      "state": null,
      "status": "10/26 - 1:00 PM EDT"
    },
    {
      "week": 8,
      "home": "CIN",
      "away": "NYJ",
      "kickoff": "2025-10-26T17:00:00.000Z",
      "venue": "Paycor Stadium",
      "city": null,
      "state": null,
      "status": "10/26 - 1:00 PM EDT"
    },
    {
      "week": 8,
      "home": "NE",
      "away": "CLE",
      "kickoff": "2025-10-26T17:00:00.000Z",
      "venue": "Gillette Stadium",
      "city": null,
      "state": null,
      "status": "10/26 - 1:00 PM EDT"
    },
    {
      "week": 8,
      "home": "BAL",
      "away": "CHI",
      "kickoff": "2025-10-26T17:00:00.000Z",
      "venue": "M&T Bank Stadium",
      "city": null,
      "state": null,
      "status": "10/26 - 1:00 PM EDT"
    },
    {
      "week": 8,
      "home": "PHI",
      "away": "NYG",
      "kickoff": "2025-10-26T17:00:00.000Z",
      "venue": "Lincoln Financial Field",
      "city": null,
      "state": null,
      "status": "10/26 - 1:00 PM EDT"
    },
    {
      "week": 8,
      "home": "CAR",
      "away": "BUF",
      "kickoff": "2025-10-26T17:00:00.000Z",
      "venue": "Bank of America Stadium",
      "city": null,
      "state": null,
      "status": "10/26 - 1:00 PM EDT"
    },
    {
      "week": 8,
      "home": "NO",
      "away": "TB",
      "kickoff": "2025-10-26T20:05:00.000Z",
      "venue": "Caesars Superdome",
      "city": null,
      "state": null,
      "status": "10/26 - 4:05 PM EDT"
    },
    {
      "week": 8,
      "home": "DEN",
      "away": "DAL",
      "kickoff": "2025-10-26T20:25:00.000Z",
      "venue": "Empower Field at Mile High",
      "city": null,
      "state": null,
      "status": "10/26 - 4:25 PM EDT"
    },
    {
      "week": 8,
      "home": "IND",
      "away": "TEN",
      "kickoff": "2025-10-26T20:25:00.000Z",
      "venue": "Lucas Oil Stadium",
      "city": null,
      "state": null,
      "status": "10/26 - 4:25 PM EDT"
    },
    {
      "week": 8,
      "home": "PIT",
      "away": "GB",
      "kickoff": "2025-10-27T00:20:00.000Z",
      "venue": "Acrisure Stadium",
      "city": null,
      "state": null,
      "status": "10/26 - 8:20 PM EDT"
    }
  ],
  "2025-10-27": [
    {
      "week": 8,
      "home": "KC",
      "away": "WSH",
      "kickoff": "2025-10-28T00:15:00.000Z",
      "venue": "GEHA Field at Arrowhead Stadium",
      "city": null,
      "state": null,
      "status": "10/27 - 8:15 PM EDT"
    }
  ],
  "2025-10-30": [
    {
      "week": 9,
      "home": "MIA",
      "away": "BAL",
      "kickoff": "2025-10-31T00:15:00.000Z",
      "venue": "Hard Rock Stadium",
      "city": null,
      "state": null,
      "status": "10/30 - 8:15 PM EDT"
    }
  ],
  "2025-11-02": [
    {
      "week": 9,
      "home": "HOU",
      "away": "DEN",
      "kickoff": "2025-11-02T18:00:00.000Z",
      "venue": "NRG Stadium",
      "city": null,
      "state": null,
      "status": "11/2 - 1:00 PM EST"
    },
    {
      "week": 9,
      "home": "NE",
      "away": "ATL",
      "kickoff": "2025-11-02T18:00:00.000Z",
      "venue": "Gillette Stadium",
      "city": null,
      "state": null,
      "status": "11/2 - 1:00 PM EST"
    },
    {
      "week": 9,
      "home": "TEN",
      "away": "LAC",
      "kickoff": "2025-11-02T18:00:00.000Z",
      "venue": "Nissan Stadium",
      "city": null,
      "state": null,
      "status": "11/2 - 1:00 PM EST"
    },
    {
      "week": 9,
      "home": "GB",
      "away": "CAR",
      "kickoff": "2025-11-02T18:00:00.000Z",
      "venue": "Lambeau Field",
      "city": null,
      "state": null,
      "status": "11/2 - 1:00 PM EST"
    },
    {
      "week": 9,
      "home": "DET",
      "away": "MIN",
      "kickoff": "2025-11-02T18:00:00.000Z",
      "venue": "Ford Field",
      "city": null,
      "state": null,
      "status": "11/2 - 1:00 PM EST"
    },
    {
      "week": 9,
      "home": "CIN",
      "away": "CHI",
      "kickoff": "2025-11-02T18:00:00.000Z",
      "venue": "Paycor Stadium",
      "city": null,
      "state": null,
      "status": "11/2 - 1:00 PM EST"
    },
    {
      "week": 9,
      "home": "PIT",
      "away": "IND",
      "kickoff": "2025-11-02T18:00:00.000Z",
      "venue": "Acrisure Stadium",
      "city": null,
      "state": null,
      "status": "11/2 - 1:00 PM EST"
    },
    {
      "week": 9,
      "home": "NYG",
      "away": "SF",
      "kickoff": "2025-11-02T18:00:00.000Z",
      "venue": "MetLife Stadium",
      "city": null,
      "state": null,
      "status": "11/2 - 1:00 PM EST"
    },
    {
      "week": 9,
      "home": "LAR",
      "away": "NO",
      "kickoff": "2025-11-02T21:05:00.000Z",
      "venue": "SoFi Stadium",
      "city": null,
      "state": null,
      "status": "11/2 - 4:05 PM EST"
    },
    {
      "week": 9,
      "home": "LV",
      "away": "JAX",
      "kickoff": "2025-11-02T21:05:00.000Z",
      "venue": "Allegiant Stadium",
      "city": null,
      "state": null,
      "status": "11/2 - 4:05 PM EST"
    },
    {
      "week": 9,
      "home": "BUF",
      "away": "KC",
      "kickoff": "2025-11-02T21:25:00.000Z",
      "venue": "Highmark Stadium",
      "city": null,
      "state": null,
      "status": "11/2 - 4:25 PM EST"
    },
    {
      "week": 9,
      "home": "WSH",
      "away": "SEA",
      "kickoff": "2025-11-03T01:20:00.000Z",
      "venue": "Northwest Stadium",
      "city": null,
      "state": null,
      "status": "11/2 - 8:20 PM EST"
    }
  ],
  "2025-11-03": [
    {
      "week": 9,
      "home": "DAL",
      "away": "ARI",
      "kickoff": "2025-11-04T01:15:00.000Z",
      "venue": "AT&T Stadium",
      "city": null,
      "state": null,
      "status": "11/3 - 8:15 PM EST"
    }
  ],
  "2025-11-06": [
    {
      "week": 10,
      "home": "DEN",
      "away": "LV",
      "kickoff": "2025-11-07T01:15:00.000Z",
      "venue": "Empower Field at Mile High",
      "city": null,
      "state": null,
      "status": "11/6 - 8:15 PM EST"
    }
  ],
  "2025-11-09": [
    {
      "week": 10,
      "home": "IND",
      "away": "ATL",
      "kickoff": "2025-11-09T14:30:00.000Z",
      "venue": "Olympic Stadium Berlin",
      "city": null,
      "state": null,
      "status": "11/9 - 9:30 AM EST"
    },
    {
      "week": 10,
      "home": "CHI",
      "away": "NYG",
      "kickoff": "2025-11-09T18:00:00.000Z",
      "venue": "Soldier Field",
      "city": null,
      "state": null,
      "status": "11/9 - 1:00 PM EST"
    },
    {
      "week": 10,
      "home": "MIA",
      "away": "BUF",
      "kickoff": "2025-11-09T18:00:00.000Z",
      "venue": "Hard Rock Stadium",
      "city": null,
      "state": null,
      "status": "11/9 - 1:00 PM EST"
    },
    {
      "week": 10,
      "home": "HOU",
      "away": "JAX",
      "kickoff": "2025-11-09T18:00:00.000Z",
      "venue": "NRG Stadium",
      "city": null,
      "state": null,
      "status": "11/9 - 1:00 PM EST"
    },
    {
      "week": 10,
      "home": "CAR",
      "away": "NO",
      "kickoff": "2025-11-09T18:00:00.000Z",
      "venue": "Bank of America Stadium",
      "city": null,
      "state": null,
      "status": "11/9 - 1:00 PM EST"
    },
    {
      "week": 10,
      "home": "TB",
      "away": "NE",
      "kickoff": "2025-11-09T18:00:00.000Z",
      "venue": "Raymond James Stadium",
      "city": null,
      "state": null,
      "status": "11/9 - 1:00 PM EST"
    },
    {
      "week": 10,
      "home": "NYJ",
      "away": "CLE",
      "kickoff": "2025-11-09T18:00:00.000Z",
      "venue": "MetLife Stadium",
      "city": null,
      "state": null,
      "status": "11/9 - 1:00 PM EST"
    },
    {
      "week": 10,
      "home": "MIN",
      "away": "BAL",
      "kickoff": "2025-11-09T18:00:00.000Z",
      "venue": "U.S. Bank Stadium",
      "city": null,
      "state": null,
      "status": "11/9 - 1:00 PM EST"
    },
    {
      "week": 10,
      "home": "SEA",
      "away": "ARI",
      "kickoff": "2025-11-09T21:05:00.000Z",
      "venue": "Lumen Field",
      "city": null,
      "state": null,
      "status": "11/9 - 4:05 PM EST"
    },
    {
      "week": 10,
      "home": "WSH",
      "away": "DET",
      "kickoff": "2025-11-09T21:25:00.000Z",
      "venue": "Northwest Stadium",
      "city": null,
      "state": null,
      "status": "11/9 - 4:25 PM EST"
    },
    {
      "week": 10,
      "home": "SF",
      "away": "LAR",
      "kickoff": "2025-11-09T21:25:00.000Z",
      "venue": "Levi's Stadium",
      "city": null,
      "state": null,
      "status": "11/9 - 4:25 PM EST"
    },
    {
      "week": 10,
      "home": "LAC",
      "away": "PIT",
      "kickoff": "2025-11-10T01:20:00.000Z",
      "venue": "SoFi Stadium",
      "city": null,
      "state": null,
      "status": "11/9 - 8:20 PM EST"
    }
  ],
  "2025-11-10": [
    {
      "week": 10,
      "home": "GB",
      "away": "PHI",
      "kickoff": "2025-11-11T01:15:00.000Z",
      "venue": "Lambeau Field",
      "city": null,
      "state": null,
      "status": "11/10 - 8:15 PM EST"
    }
  ],
  "2025-11-13": [
    {
      "week": 11,
      "home": "NE",
      "away": "NYJ",
      "kickoff": "2025-11-14T01:15:00.000Z",
      "venue": "Gillette Stadium",
      "city": null,
      "state": null,
      "status": "11/13 - 8:15 PM EST"
    }
  ],
  "2025-11-16": [
    {
      "week": 11,
      "home": "MIA",
      "away": "WSH",
      "kickoff": "2025-11-16T14:30:00.000Z",
      "venue": "Santiago Bernabéu",
      "city": null,
      "state": null,
      "status": "11/16 - 9:30 AM EST"
    },
    {
      "week": 11,
      "home": "JAX",
      "away": "LAC",
      "kickoff": "2025-11-16T18:00:00.000Z",
      "venue": "EverBank Stadium",
      "city": null,
      "state": null,
      "status": "11/16 - 1:00 PM EST"
    },
    {
      "week": 11,
      "home": "NYG",
      "away": "GB",
      "kickoff": "2025-11-16T18:00:00.000Z",
      "venue": "MetLife Stadium",
      "city": null,
      "state": null,
      "status": "11/16 - 1:00 PM EST"
    },
    {
      "week": 11,
      "home": "MIN",
      "away": "CHI",
      "kickoff": "2025-11-16T18:00:00.000Z",
      "venue": "U.S. Bank Stadium",
      "city": null,
      "state": null,
      "status": "11/16 - 1:00 PM EST"
    },
    {
      "week": 11,
      "home": "PIT",
      "away": "CIN",
      "kickoff": "2025-11-16T18:00:00.000Z",
      "venue": "Acrisure Stadium",
      "city": null,
      "state": null,
      "status": "11/16 - 1:00 PM EST"
    },
    {
      "week": 11,
      "home": "TEN",
      "away": "HOU",
      "kickoff": "2025-11-16T18:00:00.000Z",
      "venue": "Nissan Stadium",
      "city": null,
      "state": null,
      "status": "11/16 - 1:00 PM EST"
    },
    {
      "week": 11,
      "home": "BUF",
      "away": "TB",
      "kickoff": "2025-11-16T18:00:00.000Z",
      "venue": "Highmark Stadium",
      "city": null,
      "state": null,
      "status": "11/16 - 1:00 PM EST"
    },
    {
      "week": 11,
      "home": "ATL",
      "away": "CAR",
      "kickoff": "2025-11-16T18:00:00.000Z",
      "venue": "Mercedes-Benz Stadium",
      "city": null,
      "state": null,
      "status": "11/16 - 1:00 PM EST"
    },
    {
      "week": 11,
      "home": "LAR",
      "away": "SEA",
      "kickoff": "2025-11-16T21:05:00.000Z",
      "venue": "SoFi Stadium",
      "city": null,
      "state": null,
      "status": "11/16 - 4:05 PM EST"
    },
    {
      "week": 11,
      "home": "ARI",
      "away": "SF",
      "kickoff": "2025-11-16T21:05:00.000Z",
      "venue": "State Farm Stadium",
      "city": null,
      "state": null,
      "status": "11/16 - 4:05 PM EST"
    },
    {
      "week": 11,
      "home": "CLE",
      "away": "BAL",
      "kickoff": "2025-11-16T21:25:00.000Z",
      "venue": "Huntington Bank Field",
      "city": null,
      "state": null,
      "status": "11/16 - 4:25 PM EST"
    },
    {
      "week": 11,
      "home": "DEN",
      "away": "KC",
      "kickoff": "2025-11-16T21:25:00.000Z",
      "venue": "Empower Field at Mile High",
      "city": null,
      "state": null,
      "status": "11/16 - 4:25 PM EST"
    },
    {
      "week": 11,
      "home": "PHI",
      "away": "DET",
      "kickoff": "2025-11-17T01:20:00.000Z",
      "venue": "Lincoln Financial Field",
      "city": null,
      "state": null,
      "status": "11/16 - 8:20 PM EST"
    }
  ],
  "2025-11-17": [
    {
      "week": 11,
      "home": "LV",
      "away": "DAL",
      "kickoff": "2025-11-18T01:15:00.000Z",
      "venue": "Allegiant Stadium",
      "city": null,
      "state": null,
      "status": "11/17 - 8:15 PM EST"
    }
  ],
  "2025-11-20": [
    {
      "week": 12,
      "home": "HOU",
      "away": "BUF",
      "kickoff": "2025-11-21T01:15:00.000Z",
      "venue": "NRG Stadium",
      "city": null,
      "state": null,
      "status": "11/20 - 8:15 PM EST"
    }
  ],
  "2025-11-23": [
    {
      "week": 12,
      "home": "CIN",
      "away": "NE",
      "kickoff": "2025-11-23T18:00:00.000Z",
      "venue": "Paycor Stadium",
      "city": null,
      "state": null,
      "status": "11/23 - 1:00 PM EST"
    },
    {
      "week": 12,
      "home": "GB",
      "away": "MIN",
      "kickoff": "2025-11-23T18:00:00.000Z",
      "venue": "Lambeau Field",
      "city": null,
      "state": null,
      "status": "11/23 - 1:00 PM EST"
    },
    {
      "week": 12,
      "home": "DET",
      "away": "NYG",
      "kickoff": "2025-11-23T18:00:00.000Z",
      "venue": "Ford Field",
      "city": null,
      "state": null,
      "status": "11/23 - 1:00 PM EST"
    },
    {
      "week": 12,
      "home": "BAL",
      "away": "NYJ",
      "kickoff": "2025-11-23T18:00:00.000Z",
      "venue": "M&T Bank Stadium",
      "city": null,
      "state": null,
      "status": "11/23 - 1:00 PM EST"
    },
    {
      "week": 12,
      "home": "KC",
      "away": "IND",
      "kickoff": "2025-11-23T18:00:00.000Z",
      "venue": "GEHA Field at Arrowhead Stadium",
      "city": null,
      "state": null,
      "status": "11/23 - 1:00 PM EST"
    },
    {
      "week": 12,
      "home": "TEN",
      "away": "SEA",
      "kickoff": "2025-11-23T18:00:00.000Z",
      "venue": "Nissan Stadium",
      "city": null,
      "state": null,
      "status": "11/23 - 1:00 PM EST"
    },
    {
      "week": 12,
      "home": "CHI",
      "away": "PIT",
      "kickoff": "2025-11-23T18:00:00.000Z",
      "venue": "Soldier Field",
      "city": null,
      "state": null,
      "status": "11/23 - 1:00 PM EST"
    },
    {
      "week": 12,
      "home": "ARI",
      "away": "JAX",
      "kickoff": "2025-11-23T21:05:00.000Z",
      "venue": "State Farm Stadium",
      "city": null,
      "state": null,
      "status": "11/23 - 4:05 PM EST"
    },
    {
      "week": 12,
      "home": "LV",
      "away": "CLE",
      "kickoff": "2025-11-23T21:05:00.000Z",
      "venue": "Allegiant Stadium",
      "city": null,
      "state": null,
      "status": "11/23 - 4:05 PM EST"
    },
    {
      "week": 12,
      "home": "NO",
      "away": "ATL",
      "kickoff": "2025-11-23T21:25:00.000Z",
      "venue": "Caesars Superdome",
      "city": null,
      "state": null,
      "status": "11/23 - 4:25 PM EST"
    },
    {
      "week": 12,
      "home": "DAL",
      "away": "PHI",
      "kickoff": "2025-11-23T21:25:00.000Z",
      "venue": "AT&T Stadium",
      "city": null,
      "state": null,
      "status": "11/23 - 4:25 PM EST"
    },
    {
      "week": 12,
      "home": "LAR",
      "away": "TB",
      "kickoff": "2025-11-24T01:20:00.000Z",
      "venue": "SoFi Stadium",
      "city": null,
      "state": null,
      "status": "11/23 - 8:20 PM EST"
    }
  ],
  "2025-11-24": [
    {
      "week": 12,
      "home": "SF",
      "away": "CAR",
      "kickoff": "2025-11-25T01:15:00.000Z",
      "venue": "Levi's Stadium",
      "city": null,
      "state": null,
      "status": "11/24 - 8:15 PM EST"
    }
  ],
  "2025-11-27": [
    {
      "week": 13,
      "home": "DET",
      "away": "GB",
      "kickoff": "2025-11-27T18:00:00.000Z",
      "venue": "Ford Field",
      "city": null,
      "state": null,
      "status": "11/27 - 1:00 PM EST"
    },
    {
      "week": 13,
      "home": "DAL",
      "away": "KC",
      "kickoff": "2025-11-27T21:30:00.000Z",
      "venue": "AT&T Stadium",
      "city": null,
      "state": null,
      "status": "11/27 - 4:30 PM EST"
    },
    {
      "week": 13,
      "home": "BAL",
      "away": "CIN",
      "kickoff": "2025-11-28T01:20:00.000Z",
      "venue": "M&T Bank Stadium",
      "city": null,
      "state": null,
      "status": "11/27 - 8:20 PM EST"
    }
  ],
  "2025-11-28": [
    {
      "week": 13,
      "home": "PHI",
      "away": "CHI",
      "kickoff": "2025-11-28T20:00:00.000Z",
      "venue": "Lincoln Financial Field",
      "city": null,
      "state": null,
      "status": "11/28 - 3:00 PM EST"
    }
  ],
  "2025-11-30": [
    {
      "week": 13,
      "home": "TB",
      "away": "ARI",
      "kickoff": "2025-11-30T18:00:00.000Z",
      "venue": "Raymond James Stadium",
      "city": null,
      "state": null,
      "status": "11/30 - 1:00 PM EST"
    },
    {
      "week": 13,
      "home": "IND",
      "away": "HOU",
      "kickoff": "2025-11-30T18:00:00.000Z",
      "venue": "Lucas Oil Stadium",
      "city": null,
      "state": null,
      "status": "11/30 - 1:00 PM EST"
    },
    {
      "week": 13,
      "home": "TEN",
      "away": "JAX",
      "kickoff": "2025-11-30T18:00:00.000Z",
      "venue": "Nissan Stadium",
      "city": null,
      "state": null,
      "status": "11/30 - 1:00 PM EST"
    },
    {
      "week": 13,
      "home": "CLE",
      "away": "SF",
      "kickoff": "2025-11-30T18:00:00.000Z",
      "venue": "Huntington Bank Field",
      "city": null,
      "state": null,
      "status": "11/30 - 1:00 PM EST"
    },
    {
      "week": 13,
      "home": "CAR",
      "away": "LAR",
      "kickoff": "2025-11-30T18:00:00.000Z",
      "venue": "Bank of America Stadium",
      "city": null,
      "state": null,
      "status": "11/30 - 1:00 PM EST"
    },
    {
      "week": 13,
      "home": "NYJ",
      "away": "ATL",
      "kickoff": "2025-11-30T18:00:00.000Z",
      "venue": "MetLife Stadium",
      "city": null,
      "state": null,
      "status": "11/30 - 1:00 PM EST"
    },
    {
      "week": 13,
      "home": "MIA",
      "away": "NO",
      "kickoff": "2025-11-30T18:00:00.000Z",
      "venue": "Hard Rock Stadium",
      "city": null,
      "state": null,
      "status": "11/30 - 1:00 PM EST"
    },
    {
      "week": 13,
      "home": "SEA",
      "away": "MIN",
      "kickoff": "2025-11-30T21:05:00.000Z",
      "venue": "Lumen Field",
      "city": null,
      "state": null,
      "status": "11/30 - 4:05 PM EST"
    },
    {
      "week": 13,
      "home": "LAC",
      "away": "LV",
      "kickoff": "2025-11-30T21:25:00.000Z",
      "venue": "SoFi Stadium",
      "city": null,
      "state": null,
      "status": "11/30 - 4:25 PM EST"
    },
    {
      "week": 13,
      "home": "PIT",
      "away": "BUF",
      "kickoff": "2025-11-30T21:25:00.000Z",
      "venue": "Acrisure Stadium",
      "city": null,
      "state": null,
      "status": "11/30 - 4:25 PM EST"
    },
    {
      "week": 13,
      "home": "WSH",
      "away": "DEN",
      "kickoff": "2025-12-01T01:20:00.000Z",
      "venue": "Northwest Stadium",
      "city": null,
      "state": null,
      "status": "11/30 - 8:20 PM EST"
    }
  ],
  "2025-12-01": [
    {
      "week": 13,
      "home": "NE",
      "away": "NYG",
      "kickoff": "2025-12-02T01:15:00.000Z",
      "venue": "Gillette Stadium",
      "city": null,
      "state": null,
      "status": "12/1 - 8:15 PM EST"
    }
  ],
  "2025-12-04": [
    {
      "week": 14,
      "home": "DET",
      "away": "DAL",
      "kickoff": "2025-12-05T01:15:00.000Z",
      "venue": "Ford Field",
      "city": null,
      "state": null,
      "status": "12/4 - 8:15 PM EST"
    }
  ],
  "2025-12-07": [
    {
      "week": 14,
      "home": "TB",
      "away": "NO",
      "kickoff": "2025-12-07T18:00:00.000Z",
      "venue": "Raymond James Stadium",
      "city": null,
      "state": null,
      "status": "12/7 - 1:00 PM EST"
    },
    {
      "week": 14,
      "home": "NYJ",
      "away": "MIA",
      "kickoff": "2025-12-07T18:00:00.000Z",
      "venue": "MetLife Stadium",
      "city": null,
      "state": null,
      "status": "12/7 - 1:00 PM EST"
    },
    {
      "week": 14,
      "home": "MIN",
      "away": "WSH",
      "kickoff": "2025-12-07T18:00:00.000Z",
      "venue": "U.S. Bank Stadium",
      "city": null,
      "state": null,
      "status": "12/7 - 1:00 PM EST"
    },
    {
      "week": 14,
      "home": "GB",
      "away": "CHI",
      "kickoff": "2025-12-07T18:00:00.000Z",
      "venue": "Lambeau Field",
      "city": null,
      "state": null,
      "status": "12/7 - 1:00 PM EST"
    },
    {
      "week": 14,
      "home": "CLE",
      "away": "TEN",
      "kickoff": "2025-12-07T18:00:00.000Z",
      "venue": "Huntington Bank Field",
      "city": null,
      "state": null,
      "status": "12/7 - 1:00 PM EST"
    },
    {
      "week": 14,
      "home": "ATL",
      "away": "SEA",
      "kickoff": "2025-12-07T18:00:00.000Z",
      "venue": "Mercedes-Benz Stadium",
      "city": null,
      "state": null,
      "status": "12/7 - 1:00 PM EST"
    },
    {
      "week": 14,
      "home": "BAL",
      "away": "PIT",
      "kickoff": "2025-12-07T18:00:00.000Z",
      "venue": "M&T Bank Stadium",
      "city": null,
      "state": null,
      "status": "12/7 - 1:00 PM EST"
    },
    {
      "week": 14,
      "home": "JAX",
      "away": "IND",
      "kickoff": "2025-12-07T18:00:00.000Z",
      "venue": "EverBank Stadium",
      "city": null,
      "state": null,
      "status": "12/7 - 1:00 PM EST"
    },
    {
      "week": 14,
      "home": "LV",
      "away": "DEN",
      "kickoff": "2025-12-07T21:05:00.000Z",
      "venue": "Allegiant Stadium",
      "city": null,
      "state": null,
      "status": "12/7 - 4:05 PM EST"
    },
    {
      "week": 14,
      "home": "BUF",
      "away": "CIN",
      "kickoff": "2025-12-07T21:25:00.000Z",
      "venue": "Highmark Stadium",
      "city": null,
      "state": null,
      "status": "12/7 - 4:25 PM EST"
    },
    {
      "week": 14,
      "home": "ARI",
      "away": "LAR",
      "kickoff": "2025-12-07T21:25:00.000Z",
      "venue": "State Farm Stadium",
      "city": null,
      "state": null,
      "status": "12/7 - 4:25 PM EST"
    },
    {
      "week": 14,
      "home": "KC",
      "away": "HOU",
      "kickoff": "2025-12-08T01:20:00.000Z",
      "venue": "GEHA Field at Arrowhead Stadium",
      "city": null,
      "state": null,
      "status": "12/7 - 8:20 PM EST"
    }
  ],
  "2025-12-08": [
    {
      "week": 14,
      "home": "LAC",
      "away": "PHI",
      "kickoff": "2025-12-09T01:15:00.000Z",
      "venue": "SoFi Stadium",
      "city": null,
      "state": null,
      "status": "12/8 - 8:15 PM EST"
    }
  ],
  "2025-12-11": [
    {
      "week": 15,
      "home": "TB",
      "away": "ATL",
      "kickoff": "2025-12-12T01:15:00.000Z",
      "venue": "Raymond James Stadium",
      "city": null,
      "state": null,
      "status": "12/11 - 8:15 PM EST"
    }
  ],
  "2025-12-14": [
    {
      "week": 15,
      "home": "NYG",
      "away": "WSH",
      "kickoff": "2025-12-14T18:00:00.000Z",
      "venue": "MetLife Stadium",
      "city": null,
      "state": null,
      "status": "12/14 - 1:00 PM EST"
    },
    {
      "week": 15,
      "home": "KC",
      "away": "LAC",
      "kickoff": "2025-12-14T18:00:00.000Z",
      "venue": "GEHA Field at Arrowhead Stadium",
      "city": null,
      "state": null,
      "status": "12/14 - 1:00 PM EST"
    },
    {
      "week": 15,
      "home": "CIN",
      "away": "BAL",
      "kickoff": "2025-12-14T18:00:00.000Z",
      "venue": "Paycor Stadium",
      "city": null,
      "state": null,
      "status": "12/14 - 1:00 PM EST"
    },
    {
      "week": 15,
      "home": "CHI",
      "away": "CLE",
      "kickoff": "2025-12-14T18:00:00.000Z",
      "venue": "Soldier Field",
      "city": null,
      "state": null,
      "status": "12/14 - 1:00 PM EST"
    },
    {
      "week": 15,
      "home": "HOU",
      "away": "ARI",
      "kickoff": "2025-12-14T18:00:00.000Z",
      "venue": "NRG Stadium",
      "city": null,
      "state": null,
      "status": "12/14 - 1:00 PM EST"
    },
    {
      "week": 15,
      "home": "JAX",
      "away": "NYJ",
      "kickoff": "2025-12-14T18:00:00.000Z",
      "venue": "EverBank Stadium",
      "city": null,
      "state": null,
      "status": "12/14 - 1:00 PM EST"
    },
    {
      "week": 15,
      "home": "PHI",
      "away": "LV",
      "kickoff": "2025-12-14T18:00:00.000Z",
      "venue": "Lincoln Financial Field",
      "city": null,
      "state": null,
      "status": "12/14 - 1:00 PM EST"
    },
    {
      "week": 15,
      "home": "NE",
      "away": "BUF",
      "kickoff": "2025-12-14T18:00:00.000Z",
      "venue": "Gillette Stadium",
      "city": null,
      "state": null,
      "status": "12/14 - 1:00 PM EST"
    },
    {
      "week": 15,
      "home": "LAR",
      "away": "DET",
      "kickoff": "2025-12-14T21:25:00.000Z",
      "venue": "SoFi Stadium",
      "city": null,
      "state": null,
      "status": "12/14 - 4:25 PM EST"
    },
    {
      "week": 15,
      "home": "DEN",
      "away": "GB",
      "kickoff": "2025-12-14T21:25:00.000Z",
      "venue": "Empower Field at Mile High",
      "city": null,
      "state": null,
      "status": "12/14 - 4:25 PM EST"
    },
    {
      "week": 15,
      "home": "SF",
      "away": "TEN",
      "kickoff": "2025-12-14T21:25:00.000Z",
      "venue": "Levi's Stadium",
      "city": null,
      "state": null,
      "status": "12/14 - 4:25 PM EST"
    },
    {
      "week": 15,
      "home": "SEA",
      "away": "IND",
      "kickoff": "2025-12-14T21:25:00.000Z",
      "venue": "Lumen Field",
      "city": null,
      "state": null,
      "status": "12/14 - 4:25 PM EST"
    },
    {
      "week": 15,
      "home": "NO",
      "away": "CAR",
      "kickoff": "2025-12-14T21:25:00.000Z",
      "venue": "Caesars Superdome",
      "city": null,
      "state": null,
      "status": "12/14 - 4:25 PM EST"
    },
    {
      "week": 15,
      "home": "DAL",
      "away": "MIN",
      "kickoff": "2025-12-15T01:20:00.000Z",
      "venue": "AT&T Stadium",
      "city": null,
      "state": null,
      "status": "12/14 - 8:20 PM EST"
    }
  ],
  "2025-12-15": [
    {
      "week": 15,
      "home": "PIT",
      "away": "MIA",
      "kickoff": "2025-12-16T01:15:00.000Z",
      "venue": "Acrisure Stadium",
      "city": null,
      "state": null,
      "status": "12/15 - 8:15 PM EST"
    }
  ],
  "2025-12-18": [
    {
      "week": 16,
      "home": "SEA",
      "away": "LAR",
      "kickoff": "2025-12-19T01:15:00.000Z",
      "venue": "Lumen Field",
      "city": null,
      "state": null,
      "status": "12/18 - 8:15 PM EST"
    }
  ],
  "2025-12-20": [
    {
      "week": 16,
      "home": "WSH",
      "away": "PHI",
      "kickoff": "2025-12-20T05:00:00.000Z",
      "venue": "Northwest Stadium",
      "city": null,
      "state": null,
      "status": "TBD"
    },
    {
      "week": 16,
      "home": "CHI",
      "away": "GB",
      "kickoff": "2025-12-20T05:00:00.000Z",
      "venue": "Soldier Field",
      "city": null,
      "state": null,
      "status": "TBD"
    }
  ],
  "2025-12-21": [
    {
      "week": 16,
      "home": "CLE",
      "away": "BUF",
      "kickoff": "2025-12-21T18:00:00.000Z",
      "venue": "Huntington Bank Field",
      "city": null,
      "state": null,
      "status": "12/21 - 1:00 PM EST"
    },
    {
      "week": 16,
      "home": "NYG",
      "away": "MIN",
      "kickoff": "2025-12-21T18:00:00.000Z",
      "venue": "MetLife Stadium",
      "city": null,
      "state": null,
      "status": "12/21 - 1:00 PM EST"
    },
    {
      "week": 16,
      "home": "CAR",
      "away": "TB",
      "kickoff": "2025-12-21T18:00:00.000Z",
      "venue": "Bank of America Stadium",
      "city": null,
      "state": null,
      "status": "12/21 - 1:00 PM EST"
    },
    {
      "week": 16,
      "home": "BAL",
      "away": "NE",
      "kickoff": "2025-12-21T18:00:00.000Z",
      "venue": "M&T Bank Stadium",
      "city": null,
      "state": null,
      "status": "12/21 - 1:00 PM EST"
    },
    {
      "week": 16,
      "home": "NO",
      "away": "NYJ",
      "kickoff": "2025-12-21T18:00:00.000Z",
      "venue": "Caesars Superdome",
      "city": null,
      "state": null,
      "status": "12/21 - 1:00 PM EST"
    },
    {
      "week": 16,
      "home": "TEN",
      "away": "KC",
      "kickoff": "2025-12-21T18:00:00.000Z",
      "venue": "Nissan Stadium",
      "city": null,
      "state": null,
      "status": "12/21 - 1:00 PM EST"
    },
    {
      "week": 16,
      "home": "DAL",
      "away": "LAC",
      "kickoff": "2025-12-21T18:00:00.000Z",
      "venue": "AT&T Stadium",
      "city": null,
      "state": null,
      "status": "12/21 - 1:00 PM EST"
    },
    {
      "week": 16,
      "home": "ARI",
      "away": "ATL",
      "kickoff": "2025-12-21T21:05:00.000Z",
      "venue": "State Farm Stadium",
      "city": null,
      "state": null,
      "status": "12/21 - 4:05 PM EST"
    },
    {
      "week": 16,
      "home": "DEN",
      "away": "JAX",
      "kickoff": "2025-12-21T21:05:00.000Z",
      "venue": "Empower Field at Mile High",
      "city": null,
      "state": null,
      "status": "12/21 - 4:05 PM EST"
    },
    {
      "week": 16,
      "home": "HOU",
      "away": "LV",
      "kickoff": "2025-12-21T21:25:00.000Z",
      "venue": "NRG Stadium",
      "city": null,
      "state": null,
      "status": "12/21 - 4:25 PM EST"
    },
    {
      "week": 16,
      "home": "DET",
      "away": "PIT",
      "kickoff": "2025-12-21T21:25:00.000Z",
      "venue": "Ford Field",
      "city": null,
      "state": null,
      "status": "12/21 - 4:25 PM EST"
    },
    {
      "week": 16,
      "home": "MIA",
      "away": "CIN",
      "kickoff": "2025-12-22T01:20:00.000Z",
      "venue": "Hard Rock Stadium",
      "city": null,
      "state": null,
      "status": "12/21 - 8:20 PM EST"
    }
  ],
  "2025-12-22": [
    {
      "week": 16,
      "home": "IND",
      "away": "SF",
      "kickoff": "2025-12-23T01:15:00.000Z",
      "venue": "Lucas Oil Stadium",
      "city": null,
      "state": null,
      "status": "12/22 - 8:15 PM EST"
    }
  ],
  "2025-12-25": [
    {
      "week": 17,
      "home": "WSH",
      "away": "DAL",
      "kickoff": "2025-12-25T18:00:00.000Z",
      "venue": "Northwest Stadium",
      "city": null,
      "state": null,
      "status": "12/25 - 1:00 PM EST"
    },
    {
      "week": 17,
      "home": "MIN",
      "away": "DET",
      "kickoff": "2025-12-25T21:30:00.000Z",
      "venue": "U.S. Bank Stadium",
      "city": null,
      "state": null,
      "status": "12/25 - 4:30 PM EST"
    },
    {
      "week": 17,
      "home": "KC",
      "away": "DEN",
      "kickoff": "2025-12-26T01:15:00.000Z",
      "venue": "GEHA Field at Arrowhead Stadium",
      "city": null,
      "state": null,
      "status": "12/25 - 8:15 PM EST"
    }
  ],
  "2025-12-27": [
    {
      "week": 17,
      "home": "CAR",
      "away": "SEA",
      "kickoff": "2025-12-27T05:00:00.000Z",
      "venue": "Bank of America Stadium",
      "city": null,
      "state": null,
      "status": "TBD"
    },
    {
      "week": 17,
      "home": "CIN",
      "away": "ARI",
      "kickoff": "2025-12-27T05:00:00.000Z",
      "venue": "Paycor Stadium",
      "city": null,
      "state": null,
      "status": "TBD"
    },
    {
      "week": 17,
      "home": "GB",
      "away": "BAL",
      "kickoff": "2025-12-27T05:00:00.000Z",
      "venue": "Lambeau Field",
      "city": null,
      "state": null,
      "status": "TBD"
    },
    {
      "week": 17,
      "home": "LV",
      "away": "NYG",
      "kickoff": "2025-12-27T05:00:00.000Z",
      "venue": "Allegiant Stadium",
      "city": null,
      "state": null,
      "status": "TBD"
    },
    {
      "week": 17,
      "home": "LAC",
      "away": "HOU",
      "kickoff": "2025-12-27T05:00:00.000Z",
      "venue": "SoFi Stadium",
      "city": null,
      "state": null,
      "status": "TBD"
    }
  ],
  "2025-12-28": [
    {
      "week": 17,
      "home": "TEN",
      "away": "NO",
      "kickoff": "2025-12-28T18:00:00.000Z",
      "venue": "Nissan Stadium",
      "city": null,
      "state": null,
      "status": "12/28 - 1:00 PM EST"
    },
    {
      "week": 17,
      "home": "CLE",
      "away": "PIT",
      "kickoff": "2025-12-28T18:00:00.000Z",
      "venue": "Huntington Bank Field",
      "city": null,
      "state": null,
      "status": "12/28 - 1:00 PM EST"
    },
    {
      "week": 17,
      "home": "NYJ",
      "away": "NE",
      "kickoff": "2025-12-28T18:00:00.000Z",
      "venue": "MetLife Stadium",
      "city": null,
      "state": null,
      "status": "12/28 - 1:00 PM EST"
    },
    {
      "week": 17,
      "home": "MIA",
      "away": "TB",
      "kickoff": "2025-12-28T18:00:00.000Z",
      "venue": "Hard Rock Stadium",
      "city": null,
      "state": null,
      "status": "12/28 - 1:00 PM EST"
    },
    {
      "week": 17,
      "home": "IND",
      "away": "JAX",
      "kickoff": "2025-12-28T18:00:00.000Z",
      "venue": "Lucas Oil Stadium",
      "city": null,
      "state": null,
      "status": "12/28 - 1:00 PM EST"
    },
    {
      "week": 17,
      "home": "BUF",
      "away": "PHI",
      "kickoff": "2025-12-28T21:25:00.000Z",
      "venue": "Highmark Stadium",
      "city": null,
      "state": null,
      "status": "12/28 - 4:25 PM EST"
    }
  ]
}